id;system_name;access_review_name;jhi_create;owner_name;status
1;mobile Fish;Home Loan Account Table Computer;2020-04-19T14:21:22;FTP Savings Account;deposit Tasty Metal Bacon Implementation
2;Chips;Money Market Account;2020-04-19T01:04:14;Grocery Home;Investment Account Steel
3;Coordinator;Common;2020-04-18T20:54:22;grey Cambridgeshire;Canyon HDD
4;Table Small Frozen Sausages Planner;envisioneer Music Public-key;2020-04-19T09:57:56;Bahamian Dollar Investment Account;Games Regional Digitized
5;copy convergence;Mayotte;2020-04-19T11:18:49;Facilitator;Views e-enable Communications
6;National Awesome sky blue;Tactics;2020-04-18T19:28:53;compress South Georgia and the South Sandwich Islands;compelling mission-critical
7;bifurcated scalable;Small;2020-04-18T16:03:54;index orange;Jewelery
8;monitor;1080p Checking Account Identity;2020-04-19T00:07:28;Internal;Investment Account archive Fantastic Plastic Chicken
9;payment;withdrawal COM;2020-04-19T04:25:01;Frozen bus;hard drive Robust Networked
10;Poland;Small partnerships;2020-04-19T10:54:32;Dynamic;knowledge base Buckinghamshire
